"id";"firstname";"lastname";"email"
"1";"Michele";"Jacobson";"Michele54@yahoo.com"
"2";"Charlotte";"Steuber";"Charlotte33@gmail.com"
"3";"Irene";"Volkman";"Irene63@hotmail.com"
"4";"Wilbert";"Hansen";"Wilbert_Hansen@hotmail.com"
"5";"Rhonda";"Littel";"Rhonda_Littel@yahoo.com"
"6";"Donna";"Leuschke";"Donna1@hotmail.com"
"7";"Noel";"Grady";"Noel.Grady56@yahoo.com"
"8";"Bradley";"Denesik";"Bradley10@yahoo.com"
"9";"Lydia";"Hudson";"Lydia.Hudson6@gmail.com"
"10";"Sadie";"Lehner";"Sadie_Lehner26@hotmail.com"
"11";"Bobby";"Hagenes";"Bobby_Hagenes39@hotmail.com"
"12";"Lowell";"McDermott";"Lowell95@hotmail.com"
"13";"Lucia";"Gleason";"Lucia.Gleason67@hotmail.com"
"14";"Marianne";"Koelpin";"Marianne45@yahoo.com"
"15";"Randolph";"Cronin";"Randolph.Cronin57@gmail.com"
"16";"Jeanette";"White-Cruickshank";"Jeanette.White-Cruickshank@gmail.com"
"17";"Arturo";"Mertz";"Arturo74@yahoo.com"
"18";"Angel";"Reinger";"Angel_Reinger98@yahoo.com"
"19";"Fernando";"Donnelly";"Fernando93@hotmail.com"
"20";"Theresa";"Ebert";"Theresa95@yahoo.com"
"21";"Roy";"Feeney";"Roy73@hotmail.com"
"22";"Freda";"Schultz";"Freda6@yahoo.com"
"23";"Lindsey";"Predovic";"Lindsey_Predovic78@hotmail.com"
"24";"Sophie";"Deckow";"Sophie.Deckow@gmail.com"
"25";"Jenny";"Spencer";"Jenny.Spencer@yahoo.com"
"26";"Dixie";"Pfeffer";"Dixie_Pfeffer20@yahoo.com"
"27";"Crystal";"Schaden";"Crystal_Schaden@hotmail.com"
"28";"Iris";"Rippin";"Iris.Rippin44@gmail.com"
"29";"Nick";"Nikolaus";"Nick.Nikolaus@yahoo.com"
"30";"Bobby";"Casper";"Bobby50@hotmail.com"
"31";"Jose";"Sipes";"Jose40@yahoo.com"
"32";"Bernard";"Moen";"Bernard63@gmail.com"
"33";"Leo";"Kling";"Leo7@hotmail.com"
"34";"Jaime";"Schimmel";"Jaime.Schimmel51@hotmail.com"
"35";"Harvey";"Klocko";"Harvey_Klocko4@hotmail.com"
"36";"Bernice";"Koch";"Bernice54@yahoo.com"
"37";"Florence";"Watsica";"Florence.Watsica@yahoo.com"
"38";"Don";"Fisher";"Don.Fisher@yahoo.com"
"39";"Jason";"Bradtke";"Jason71@hotmail.com"
"40";"Dallas";"Ullrich";"Dallas.Ullrich17@gmail.com"
"41";"Bertha";"Hane";"Bertha21@yahoo.com"
"42";"Mae";"Osinski";"Mae_Osinski35@yahoo.com"
"43";"Leticia";"Satterfield";"Leticia_Satterfield@yahoo.com"
"44";"Whitney";"Fahey";"Whitney.Fahey97@gmail.com"
"45";"Robyn";"Herzog";"Robyn_Herzog56@yahoo.com"
"46";"Barbara";"Bode";"Barbara.Bode91@hotmail.com"
"47";"Ginger";"Carroll";"Ginger63@gmail.com"
"48";"Winston";"Larkin";"Winston.Larkin@hotmail.com"
"49";"Kerry";"Thiel";"Kerry_Thiel@gmail.com"
"50";"Everett";"Schmeler";"Everett.Schmeler36@gmail.com"
"51";"Amanda";"Wilderman";"Amanda_Wilderman81@gmail.com"
"52";"Mack";"Muller";"Mack_Muller1@hotmail.com"
"53";"Cassandra";"Kemmer";"Cassandra_Kemmer7@hotmail.com"
"54";"Sergio";"Schaefer";"Sergio_Schaefer47@hotmail.com"
"55";"Peter";"Schulist";"Peter1@gmail.com"
"56";"Matthew";"Lesch";"Matthew_Lesch@hotmail.com"
"57";"Florence";"Kunze";"Florence_Kunze@gmail.com"
"58";"Toni";"Fisher";"Toni97@gmail.com"
"59";"Georgia";"Fisher";"Georgia83@gmail.com"
"60";"Audrey";"Gleichner";"Audrey.Gleichner@gmail.com"
"61";"Ellen";"Frami";"Ellen.Frami@gmail.com"
"62";"Theodore";"Shields";"Theodore13@gmail.com"
"63";"Marian";"Bogan";"Marian43@hotmail.com"
"64";"Stanley";"Terry";"Stanley22@yahoo.com"
"65";"Shelia";"Abbott";"Shelia.Abbott16@gmail.com"
"66";"Jermaine";"Kassulke";"Jermaine.Kassulke91@gmail.com"
"67";"Guillermo";"Kris-Steuber";"Guillermo_Kris-Steuber13@gmail.com"
"68";"Dora";"Schinner";"Dora88@yahoo.com"
"69";"Gerard";"Dicki";"Gerard62@yahoo.com"
"70";"Molly";"Crooks";"Molly_Crooks@gmail.com"
"71";"Darrin";"Williamson";"Darrin69@gmail.com"
"72";"Ignacio";"Medhurst";"Ignacio_Medhurst41@yahoo.com"
"73";"Connie";"Hahn";"Connie.Hahn58@hotmail.com"
"74";"Angel";"Franecki";"Angel_Franecki96@gmail.com"
"75";"Kenny";"Spinka";"Kenny_Spinka@hotmail.com"
"76";"Max";"Wyman";"Max_Wyman@yahoo.com"
"77";"Bert";"Reinger";"Bert_Reinger6@gmail.com"
"78";"Brendan";"Wisoky";"Brendan_Wisoky@hotmail.com"
"79";"Beth";"Simonis";"Beth.Simonis64@hotmail.com"
"80";"Crystal";"Boyle";"Crystal_Boyle@gmail.com"
"81";"Christy";"Lueilwitz";"Christy_Lueilwitz@gmail.com"
"82";"Leona";"Witting";"Leona_Witting@hotmail.com"
"83";"Susan";"Kub";"Susan28@yahoo.com"
"84";"Caroline";"Hamill";"Caroline_Hamill@hotmail.com"
"85";"Shane";"Green";"Shane76@yahoo.com"
"86";"Camille";"Schneider";"Camille.Schneider@gmail.com"
"87";"Reginald";"Gerhold";"Reginald31@gmail.com"
"88";"Melvin";"Mertz";"Melvin26@hotmail.com"
"89";"Horace";"Luettgen";"Horace6@yahoo.com"
"90";"Natalie";"Russel";"Natalie_Russel34@hotmail.com"
"91";"Daryl";"Brekke";"Daryl_Brekke@gmail.com"
"92";"Glenn";"Bednar";"Glenn19@yahoo.com"
"93";"Curtis";"Bechtelar";"Curtis_Bechtelar@hotmail.com"
"94";"Anita";"Murphy";"Anita98@hotmail.com"
"95";"Eugene";"Fadel";"Eugene.Fadel76@yahoo.com"
"96";"Karen";"Hayes-Braun";"Karen_Hayes-Braun6@gmail.com"
"97";"Ignacio";"Mohr-DuBuque";"Ignacio26@gmail.com"
"98";"Wilma";"Marvin";"Wilma.Marvin85@yahoo.com"
"99";"Lucia";"Bartoletti";"Lucia91@yahoo.com"
"100";"Tommie";"Denesik";"Tommie84@yahoo.com"